mfcc_7_std,mfcc_8_mean,mfcc_8_std,mfcc_9_mean,mfcc_9_std,mfcc_10_mean,mfcc_10_std,mfcc_11_mean,mfcc_11_std,mfcc_12_mean,mfcc_12_std,mfcc_13_mean,mfcc_13_std,spectral_skew,spectral_kurtosis,energy_entropy,log_energy,mfcc_1_mean,mfcc_1_std,mfcc_2_mean,mfcc_2_std,mfcc_3_mean,mfcc_3_std,mfcc_4_mean,mfcc_4_std,mfcc_5_mean,mfcc_5_std,mfcc_6_mean,mfcc_6_std,mfcc_7_mean,mfcc_7_std,mfcc_8_mean,mfcc_8_std,mfcc_9_mean,mfcc_9_std,mfcc_10_mean,mfcc_10_std,mfcc_11_mean,mfcc_11_std,mfcc_12_mean,mfcc_12_std,mfcc_13_mean,mfcc_13_std
20.046402,5.746707,9.8312235,-22.768066,21.73624,2.3030853,8.983318,-17.410305,9.115154,0.30180356,10.452693,-3.0808318,10.146248,1.240362772,0.570391583,28.976524,2.197019,-246.962,103.95492,49.470943,38.245247,4.922163,31.923918,32.507935,29.816553,-11.243851,20.791132,1.689259,16.68878,-19.95585,20.046402,5.746707,9.8312235,-22.768066,21.73624,2.3030853,8.983318,-17.410305,9.115154,0.30180356,10.452693,-3.0808318,10.146248
